epoch;acc;loss;lr;val_acc;val_loss
0;0.8578889;0.3379680771066083;0.001;0.646;0.8108184069712111
1;0.9023333;0.22797230318354236;0.001;0.9;0.2305482734549553
2;0.9258889;0.18350075961318282;0.001;0.849;0.3370177204066769
