epoch;acc;loss;lr;val_acc;val_loss
0;0.5832;1.2182245228290558;0.001;0.4814;2.1626313329696654
