epoch;acc;loss;lr;val_acc;val_loss
0;0.30525;2.0711063318252565;0.001;0.1625;2.5048419464202154
1;0.43775;1.5819966807365418;0.001;0.3455;1.7976475235015628
2;0.513125;1.3438026070594788;0.001;0.506;1.537722607453664
3;0.581625;1.1681435647010803;0.001;0.578;1.1795800034962003
4;0.6335;1.0206085505485534;0.001;0.532;1.287607471148173
