epoch;acc;loss;lr;val_acc;val_loss
0;0.30975;2.0238701143264772;0.001;0.111;3.4061710153307234
1;0.41825;1.6147031087875365;0.001;0.468;1.449719504704551
2;0.5005;1.3839210481643678;0.001;0.5335;1.3022735847367182
3;0.562875;1.2165486018657685;0.001;0.58;1.196795226089538
4;0.626625;1.0477057869434356;0.001;0.557;1.2200803567492773
