epoch;acc;loss;lr;val_acc;val_loss
0;0.3045;2.0473210196495057;0.001;0.1055;3.9587003730592274
1;0.443;1.561405191898346;0.001;0.345;1.8806795771159823
2;0.513875;1.3401059103012085;0.001;0.4605;1.5761170330501737
3;0.576;1.1849885561466218;0.001;0.5355;1.3485519498113603
4;0.63275;1.0316382310390473;0.001;0.5845;1.177812621707008
