epoch;acc;loss;lr;val_acc;val_loss
0;0.3125;2.028189205169678;0.001;0.1485;3.0717413917420404
1;0.429375;1.6000864129066468;0.001;0.414;1.5652071218641976
2;0.51175;1.3598935005664825;0.001;0.515;1.3632151191196744
3;0.576;1.1914173066616058;0.001;0.561;1.2248510472358218
4;0.64325;1.014798412322998;0.001;0.5635;1.2340220913054452
