epoch;acc;loss;lr;val_acc;val_loss
0;0.293125;2.0735325407981873;0.001;0.111;3.791777315593901
1;0.416625;1.6351697897911073;0.001;0.3445;1.9034305072966076
2;0.49275;1.405582230091095;0.001;0.514;1.3459015611618284
3;0.567125;1.2265222477912903;0.001;0.4685;1.451691793070899
4;0.614;1.0872065086364746;0.001;0.5765;1.1497046218978033
