epoch;acc;loss;lr;val_acc;val_loss
0;0.5626;1.2586568302631378;0.001;0.4661;1.8732822630882264
