epoch;acc;loss;lr;val_acc;val_loss
0;0.1;14.506285858154296;0.001;0.1;14.506285858154296
1;0.1;14.506285858154296;0.001;0.1;14.506285858154296
