epoch;acc;loss;lr;val_acc;val_loss
0;0.0998;14.487697068786622;0.001;0.1;14.506285739135743
1;0.1;14.506285758972169;0.001;0.1;14.506285771179199
