epoch;acc;loss;lr;val_acc;val_loss
0;0.0997;14.489968416213989;0.001;0.1;14.506285752868653
1;0.1;14.506285760498047;0.001;0.1;14.506285752868653
