epoch;acc;loss;lr;val_acc;val_loss
0;0.575;0.8295736116170883;0.001;0.5;0.7853020215034485
1;0.6346875;0.6840518718957901;0.001;0.5;0.8826325154304504
2;0.7053125;0.5909631615877151;0.001;0.56375;0.6916632628440857
3;0.72875;0.5494695231318474;0.001;0.6725;0.6161229801177979
4;0.75375;0.5081183868646622;0.001;0.64375;0.6185030889511108
