epoch;acc;loss;lr;val_acc;val_loss
0;0.5759375;0.8586480122804642;0.001;0.51125;0.7253648042678833
1;0.63375;0.710461243391037;0.001;0.4825;0.7187966656684875
2;0.6734375;0.6305647805333138;0.001;0.5025;0.8561777830123901
3;0.7284375;0.5488875162601471;0.001;0.6;0.7184942078590393
4;0.7334375;0.5138627842068673;0.001;0.66625;0.6039028787612915
