epoch;acc;loss;lr;val_acc;val_loss
0;0.584375;0.8206310713291168;0.001;0.50875;0.69450847864151
1;0.6346875;0.6845668360590935;0.001;0.59125;0.6696327185630798
2;0.691875;0.6129501557350159;0.001;0.53875;0.6946034359931946
3;0.7296875;0.5543678522109985;0.001;0.635;0.6342700815200806
4;0.7625;0.507627084851265;0.001;0.72625;0.5336099112033844
