epoch;acc;loss;lr;val_acc;val_loss
0;0.5990625;0.7855231904983521;0.001;0.5;1.3790143394470216
1;0.653125;0.676449929177761;0.001;0.555;0.6815396666526794
2;0.70125;0.5983450764417648;0.001;0.62125;0.6254454255104065
3;0.7634375;0.5120217746496201;0.001;0.695;0.5904776251316071
4;0.780625;0.46678442269563675;0.001;0.74625;0.5079145181179047
