epoch;acc;loss;lr;val_acc;val_loss
0;0.584375;0.7780110162496566;0.001;0.5;0.7231524062156677
1;0.6340625;0.6729218634963036;0.001;0.555;0.6792552852630616
2;0.694375;0.6108047136664391;0.001;0.575;0.687676956653595
3;0.7534375;0.5011458086967469;0.001;0.66375;0.5967717230319977
4;0.803125;0.4372173933684826;0.001;0.71;0.571173346042633
