epoch;acc;loss;lr;val_acc;val_loss
0;0.94544446;0.15392908731558258;0.001;0.86766666;0.863788044160851
1;0.9671111;0.08441334895091131;0.001;0.64066666;5.589619889099537
2;0.97544444;0.07019501707407956;0.001;0.64966667;4.906918275229474
