epoch;acc;loss;lr;val_acc;val_loss
0;0.94222224;0.15517352367192508;0.001;0.91866666;0.31403963630409054
1;0.96433336;0.09547432952115519;0.001;0.9573333;0.09980653612434795
2;0.96922225;0.08138520837083665;0.001;0.899;0.2267647398675376
3;0.9758889;0.06620817902922216;0.001;0.9543333;0.14893773577756642
4;0.9775556;0.06171371121082403;0.001;0.8286667;0.6315927372977851
