epoch;acc;loss;lr;val_acc;val_loss
0;0.49977776;8.047935758166844;0.001;0.5;8.06976458366881
1;0.5;8.059047752380371;0.001;0.5;8.064406148930813
