epoch;acc;loss;lr;val_acc;val_loss
0;0.5;8.05904769950443;0.001;0.5;8.059047699610392
1;0.5;8.059047699398464;0.001;0.5;8.059047699928284
