epoch;acc;loss;lr;val_acc;val_loss
0;0.5;8.059047699186538;0.001;0.5;8.0590476992925
1;0.5;8.059047699398464;0.001;0.5;8.0590476992925
