epoch;acc;loss;lr;val_acc;val_loss
0;0.4998889;8.047829606586033;0.001;0.5;8.053689358082224
1;0.5;8.0590477525923;0.001;0.5;8.048330941098802
