epoch;acc;loss;lr;val_acc;val_loss
0;0.4323;1.5972480731010437;0.001;0.3966;2.4422256271839142
