epoch;acc;loss;lr;val_acc;val_loss
0;0.5296;1.3515809245586394;0.001;0.4689;1.910341245484352
