epoch;acc;loss;lr;val_acc;val_loss
0;0.5604;1.2647682043790818;0.001;0.5646;1.2878767273426055
