epoch;acc;loss;lr;val_acc;val_loss
0;0.8887778;0.28547977897028126;0.001;0.93133336;0.16419916132309784
1;0.92744446;0.1922904048637073;0.001;0.809;0.3811895075291395
