epoch;acc;loss;lr;val_acc;val_loss
0;0.7098;0.8693190824747086;0.001;0.7014;0.992129150724411
