epoch;acc;loss;lr;val_acc;val_loss
0;0.5953;1.1968838385462761;0.001;0.7171;0.8879759952247143
