epoch;acc;loss;lr;val_acc;val_loss
0;0.74896;0.753659781461358;0.001;0.8334;0.5154366906262934
