epoch;acc;loss;lr;val_acc;val_loss
0;0.3186;1.9943586856842042;0.001;0.1519;2.7829005657872066
1;0.4343;1.58693524684906;0.001;0.158;3.0524833866312533
