epoch;acc;loss;lr;val_acc;val_loss
0;0.1965;2.3670089740753175;0.001;0.172;2.262104868888855
1;0.3435;1.9103911762237549;0.001;0.143;2.43034091591835
