epoch;acc;loss;lr;val_acc;val_loss
0;0.7234;0.8298934946894646;0.001;0.2974;3.7521511028289796
