epoch;acc;loss;lr;val_acc;val_loss
0;0.4749;1.5532660482406617;0.001;0.1;3.0644714714050294
