epoch;acc;loss;lr;val_acc;val_loss
0;0.64412;1.0243759620237352;0.001;0.6309;1.1363512947797776
