epoch;acc;loss;lr;val_acc;val_loss
0;0.88166666;0.28988761904090643;0.001;0.902;0.2758688571085123
1;0.93266666;0.16961136783825026;0.001;0.88166666;0.3478189338669874
2;0.9264445;0.17541676100343465;0.001;0.83933336;0.3428405644768413
