epoch;acc;loss;lr;val_acc;val_loss
0;0.88255554;0.28715051976508565;0.001;0.61233336;1.3383220497598038
