epoch;acc;loss;lr;val_acc;val_loss
0;0.6589;1.0280616719722748;0.001;0.1706;11.7100549118042
