epoch;acc;loss;lr;val_acc;val_loss
0;0.91366667;0.21772182234211102;0.001;0.58033335;3.364111582649515
1;0.94277775;0.16002014982865917;0.001;0.6536667;3.336223395422418
2;0.9571111;0.11215736590098176;0.001;0.795;1.5780322287399495
