epoch;acc;loss;lr;val_acc;val_loss
0;0.8666667;0.3267074900633759;0.001;0.89666665;0.2619687500310705
1;0.9361111;0.16838884477482902;0.001;0.92233336;0.18189886732502503
2;0.9444444;0.14188767420045204;0.001;0.74;0.6922381900924635
