epoch;acc;loss;lr;val_acc;val_loss
0;0.6128889;0.7499349470668368;0.001;0.5;0.7393424472910293
1;0.70944446;0.5729067108896043;0.001;0.52066666;0.7541084188096067
2;0.77133334;0.482098211924235;0.001;0.60366666;0.7031710376130774
3;0.8107778;0.4212056619326274;0.001;0.6673333;0.6341439060708309
4;0.83955556;0.3638682186603546;0.001;0.75366664;0.5135326772294146
