epoch;acc;loss;lr;val_acc;val_loss
0;0.86766666;0.31743516767024993;0.001;0.7956667;0.5125702732500244
1;0.9267778;0.1794634942462047;0.001;0.83666664;0.32529405861141836
2;0.9367778;0.15765323621448543;0.001;0.915;0.21110712184986852
