epoch;acc;loss;lr;val_acc;val_loss
0;0.6862222;0.6483656735022862;0.001;0.531;0.688768485442121
1;0.8705556;0.3104309481514825;0.001;0.7813333;0.4451634822056649
2;0.911;0.2191007881561915;0.001;0.87733334;0.34695086202168085
