epoch;acc;loss;lr;val_acc;val_loss
0;0.94122225;0.1565757567005025;0.001;0.93733335;0.1717286782408569
1;0.96577775;0.0932751052784216;0.001;0.952;0.11688208921336905
