epoch;acc;loss;lr;val_acc;val_loss
0;0.94;0.16343671722213426;0.001;0.941;0.17509173032754297
1;0.9633333;0.1003380051439421;0.001;0.95033336;0.12541212415213676
