epoch;acc;loss;lr;val_acc;val_loss
0;0.943;0.15922894850973454;0.001;0.9023333;0.22994950304223977
1;0.9628889;0.10037256435041006;0.001;0.96;0.10085735764067144
2;0.97488886;0.07603043119386874;0.001;0.96133333;0.09434507042866205
